filename,corruption_status
train_0001.png,OK
train_0002.png,OK
train_0003.png,OK
train_0004.png,OK
train_0005.png,OK
train_0006.png,OK
train_0007.png,OK
train_0008.png,OK
train_0009.png,OK
train_0010.png,OK
train_0011.png,OK
train_0012.png,OK
train_0013.png,OK
train_0014.png,OK
train_0015.png,OK
train_0016.png,OK
train_0017.png,OK
train_0018.png,OK
train_0019.png,OK
train_0020.png,OK
train_0021.png,OK
train_0022.png,OK
train_0023.png,OK
train_0024.png,OK
train_0025.png,OK
train_0026.png,OK
train_0027.png,OK
train_0028.png,OK
train_0029.png,OK
train_0030.png,OK
train_0031.png,OK
train_0032.png,OK
train_0033.png,OK
train_0034.png,OK
train_0035.png,OK
train_0036.png,OK
train_0037.png,OK
train_0038.png,OK
train_0039.png,OK
train_0040.png,OK
train_0041.png,OK
train_0042.png,OK
train_0043.png,OK
train_0044.png,OK
train_0045.png,OK
train_0046.png,OK
train_0047.png,OK
train_0048.png,OK
train_0049.png,OK
train_0050.png,OK
train_0051.png,OK
train_0052.png,OK
train_0053.png,OK
train_0054.png,OK
train_0055.png,OK
train_0056.png,OK
train_0057.png,OK
train_0058.png,OK
train_0059.png,OK
train_0060.png,OK
train_0061.png,OK
train_0062.png,OK
train_0063.png,OK
train_0064.png,OK
train_0065.png,OK
train_0066.png,OK
train_0067.png,OK
train_0068.png,OK
train_0069.png,OK
train_0070.png,OK
train_0071.png,OK
train_0072.png,OK
train_0073.png,OK
train_0074.png,OK
train_0075.png,OK
train_0076.png,OK
train_0077.png,OK
train_0078.png,OK
train_0079.png,OK
train_0080.png,OK
train_0081.png,OK
train_0082.png,OK
train_0083.png,OK
train_0084.png,OK
train_0085.png,Likely too dark
train_0086.png,OK
train_0087.png,OK
train_0088.png,OK
train_0089.png,OK
train_0090.png,OK
train_0091.png,OK
train_0092.png,OK
train_0093.png,OK
train_0094.png,OK
train_0095.png,OK
train_0096.png,OK
train_0097.png,OK
train_0098.png,OK
train_0099.png,OK
train_0100.png,OK
train_0101.png,OK
train_0102.png,OK
train_0103.png,OK
train_0104.png,OK
train_0105.png,OK
train_0106.png,OK
train_0107.png,OK
train_0108.png,OK
train_0109.png,OK
train_0110.png,OK
train_0111.png,OK
train_0112.png,OK
train_0113.png,OK
train_0114.png,OK
train_0115.png,OK
train_0116.png,OK
train_0117.png,OK
train_0118.png,OK
train_0119.png,OK
train_0120.png,OK
train_0121.png,OK
train_0122.png,OK
train_0123.png,OK
train_0124.png,OK
train_0125.png,OK
train_0126.png,OK
train_0127.png,OK
train_0128.png,OK
train_0129.png,OK
train_0130.png,OK
train_0131.png,OK
train_0132.png,OK
train_0133.png,OK
train_0134.png,OK
train_0135.png,OK
train_0136.png,OK
train_0137.png,OK
train_0138.png,OK
train_0139.png,OK
train_0140.png,OK
train_0141.png,OK
train_0142.png,OK
train_0143.png,OK
train_0144.png,OK
train_0145.png,OK
train_0146.png,OK
train_0147.png,OK
train_0148.png,OK
train_0149.png,OK
train_0150.png,OK
train_0151.png,OK
train_0152.png,OK
train_0153.png,OK
train_0154.png,OK
train_0155.png,OK
train_0156.png,OK
train_0157.png,OK
train_0158.png,OK
train_0159.png,OK
train_0160.png,OK
train_0161.png,OK
train_0162.png,OK
train_0163.png,OK
train_0164.png,OK
train_0165.png,OK
train_0166.png,OK
train_0167.png,OK
train_0168.png,OK
train_0169.png,OK
train_0170.png,OK
train_0171.png,OK
train_0172.png,OK
train_0173.png,OK
train_0174.png,OK
train_0175.png,OK
train_0176.png,OK
train_0177.png,OK
train_0178.png,OK
train_0179.png,OK
train_0180.png,OK
train_0181.png,OK
train_0182.png,OK
train_0183.png,OK
train_0184.png,OK
train_0185.png,OK
train_0186.png,OK
train_0187.png,OK
train_0188.png,OK
train_0189.png,OK
train_0190.png,OK
train_0191.png,OK
train_0192.png,OK
train_0193.png,OK
train_0194.png,OK
train_0195.png,OK
train_0196.png,OK
train_0197.png,OK
train_0198.png,OK
train_0199.png,OK
train_0200.png,OK
train_0201.png,OK
train_0202.png,OK
train_0203.png,OK
train_0204.png,OK
train_0205.png,OK
train_0206.png,OK
train_0207.png,OK
train_0208.png,OK
train_0209.png,OK
train_0210.png,OK
train_0211.png,OK
train_0212.png,OK
train_0213.png,OK
train_0214.png,OK
train_0215.png,OK
train_0216.png,OK
train_0217.png,OK
train_0218.png,OK
train_0219.png,OK
train_0220.png,OK
train_0221.png,OK
train_0222.png,OK
train_0223.png,OK
train_0224.png,OK
train_0225.png,OK
train_0226.png,OK
train_0227.png,OK
train_0228.png,OK
train_0229.png,OK
train_0230.png,OK
train_0231.png,OK
train_0232.png,Likely too dark
train_0233.png,OK
train_0234.png,OK
train_0235.png,OK
train_0236.png,OK
train_0237.png,OK
train_0238.png,OK
train_0239.png,OK
train_0240.png,OK
train_0241.png,OK
train_0242.png,OK
train_0243.png,OK
train_0244.png,OK
train_0245.png,OK
train_0246.png,OK
train_0247.png,OK
train_0248.png,OK
train_0249.png,OK
train_0250.png,OK
train_0251.png,OK
train_0252.png,OK
train_0253.png,OK
train_0254.png,OK
train_0255.png,OK
train_0256.png,OK
train_0257.png,OK
train_0258.png,OK
train_0259.png,OK
train_0260.png,OK
train_0261.png,OK
train_0262.png,OK
train_0263.png,OK
train_0264.png,OK
train_0265.png,OK
train_0266.png,OK
train_0267.png,OK
train_0268.png,OK
train_0269.png,OK
train_0270.png,OK
train_0271.png,OK
train_0272.png,OK
train_0273.png,OK
train_0274.png,OK
train_0275.png,OK
train_0276.png,OK
train_0277.png,OK
train_0278.png,OK
train_0279.png,OK
train_0280.png,OK
train_0281.png,OK
train_0282.png,OK
train_0283.png,OK
train_0284.png,OK
train_0285.png,OK
train_0286.png,OK
train_0287.png,OK
train_0288.png,OK
train_0289.png,OK
train_0290.png,OK
train_0291.png,OK
train_0292.png,OK
train_0293.png,OK
train_0294.png,OK
train_0295.png,OK
train_0296.png,OK
train_0297.png,OK
train_0298.png,OK
train_0299.png,OK
train_0300.png,OK
train_0301.png,OK
train_0302.png,OK
train_0303.png,OK
train_0304.png,OK
train_0305.png,OK
train_0306.png,OK
train_0307.png,OK
train_0308.png,OK
train_0309.png,OK
train_0310.png,OK
train_0311.png,OK
train_0312.png,OK
train_0313.png,OK
train_0314.png,OK
train_0315.png,OK
train_0316.png,OK
train_0317.png,OK
train_0318.png,OK
train_0319.png,OK
train_0320.png,OK
train_0321.png,OK
train_0322.png,OK
train_0323.png,OK
train_0324.png,OK
train_0325.png,OK
train_0326.png,OK
train_0327.png,OK
train_0328.png,OK
train_0329.png,OK
train_0330.png,OK
train_0331.png,OK
train_0332.png,OK
train_0333.png,OK
train_0334.png,OK
train_0335.png,OK
train_0336.png,OK
train_0337.png,OK
train_0338.png,OK
train_0339.png,OK
train_0340.png,OK
train_0341.png,OK
train_0342.png,OK
train_0343.png,OK
train_0344.png,OK
train_0345.png,OK
train_0346.png,OK
train_0347.png,OK
train_0348.png,OK
train_0349.png,OK
train_0350.png,OK
train_0351.png,OK
train_0352.png,OK
train_0353.png,OK
train_0354.png,OK
train_0355.png,OK
train_0356.png,OK
train_0357.png,OK
train_0358.png,OK
train_0359.png,OK
train_0360.png,OK
train_0361.png,OK
train_0362.png,OK
train_0363.png,OK
train_0364.png,OK
train_0365.png,OK
train_0366.png,OK
train_0367.png,OK
train_0368.png,OK
train_0369.png,OK
train_0370.png,OK
train_0371.png,OK
train_0372.png,OK
train_0373.png,OK
train_0374.png,OK
train_0375.png,OK
train_0376.png,OK
train_0377.png,OK
train_0378.png,OK
train_0379.png,OK
train_0380.png,OK
train_0381.png,OK
train_0382.png,OK
train_0383.png,OK
train_0384.png,OK
train_0385.png,OK
train_0386.png,OK
train_0387.png,OK
train_0388.png,OK
train_0389.png,OK
train_0390.png,OK
train_0391.png,OK
train_0392.png,OK
train_0393.png,OK
train_0394.png,OK
train_0395.png,OK
train_0396.png,OK
train_0397.png,OK
train_0398.png,OK
train_0399.png,OK
train_0400.png,OK
train_0401.png,OK
train_0402.png,OK
train_0403.png,OK
train_0404.png,OK
train_0405.png,OK
train_0406.png,OK
train_0407.png,OK
train_0408.png,OK
train_0409.png,OK
train_0410.png,OK
train_0411.png,OK
train_0412.png,OK
train_0413.png,OK
train_0414.png,OK
train_0415.png,OK
train_0416.png,OK
train_0417.png,OK
train_0418.png,OK
train_0419.png,OK
train_0420.png,OK
train_0421.png,OK
train_0422.png,OK
train_0423.png,OK
train_0424.png,OK
train_0425.png,OK
train_0426.png,OK
train_0427.png,OK
train_0428.png,OK
train_0429.png,OK
train_0430.png,OK
train_0431.png,OK
train_0432.png,OK
train_0433.png,OK
train_0434.png,OK
train_0435.png,OK
train_0436.png,OK
train_0437.png,OK
train_0438.png,OK
train_0439.png,OK
train_0440.png,OK
train_0441.png,OK
train_0442.png,OK
train_0443.png,OK
train_0444.png,OK
train_0445.png,OK
train_0446.png,OK
train_0447.png,OK
train_0448.png,OK
train_0449.png,OK
train_0450.png,OK
train_0451.png,OK
train_0452.png,OK
train_0453.png,OK
train_0454.png,OK
train_0455.png,OK
train_0456.png,OK
train_0457.png,OK
train_0458.png,OK
train_0459.png,OK
train_0460.png,OK
train_0461.png,OK
train_0462.png,OK
train_0463.png,OK
train_0464.png,OK
train_0465.png,OK
train_0466.png,OK
train_0467.png,OK
train_0468.png,OK
train_0469.png,OK
train_0470.png,OK
train_0471.png,OK
train_0472.png,OK
train_0473.png,OK
train_0474.png,OK
train_0475.png,OK
train_0476.png,OK
train_0477.png,OK
train_0478.png,OK
train_0479.png,OK
train_0480.png,OK
train_0481.png,OK
train_0482.png,OK
train_0483.png,OK
train_0484.png,OK
train_0485.png,OK
train_0486.png,OK
train_0487.png,OK
train_0488.png,OK
train_0489.png,OK
train_0490.png,OK
train_0491.png,OK
train_0492.png,OK
train_0493.png,OK
train_0494.png,OK
train_0495.png,OK
train_0496.png,OK
train_0497.png,OK
train_0498.png,OK
train_0499.png,OK
train_0500.png,OK
train_0501.png,OK
train_0502.png,OK
train_0503.png,OK
train_0504.png,OK
train_0505.png,OK
train_0506.png,OK
train_0507.png,OK
train_0508.png,OK
train_0509.png,OK
train_0510.png,OK
train_0511.png,OK
train_0512.png,OK
train_0513.png,OK
train_0514.png,OK
train_0515.png,OK
train_0516.png,OK
train_0517.png,OK
train_0518.png,OK
train_0519.png,OK
train_0520.png,OK
train_0521.png,OK
train_0522.png,OK
train_0523.png,OK
train_0524.png,OK
train_0525.png,OK
train_0526.png,OK
train_0527.png,OK
train_0528.png,OK
train_0529.png,OK
train_0530.png,OK
train_0531.png,OK
train_0532.png,OK
train_0533.png,OK
train_0534.png,OK
train_0535.png,OK
train_0536.png,OK
train_0537.png,OK
train_0538.png,OK
train_0539.png,OK
train_0540.png,OK
train_0541.png,OK
train_0542.png,OK
train_0543.png,OK
train_0544.png,OK
train_0545.png,OK
train_0546.png,OK
train_0547.png,OK
train_0548.png,OK
train_0549.png,OK
train_0550.png,OK
train_0551.png,OK
train_0552.png,OK
train_0553.png,OK
train_0554.png,OK
train_0555.png,OK
train_0556.png,OK
train_0557.png,OK
train_0558.png,OK
train_0559.png,OK
train_0560.png,OK
train_0561.png,OK
train_0562.png,OK
train_0563.png,OK
train_0564.png,OK
train_0565.png,OK
train_0566.png,OK
train_0567.png,OK
train_0568.png,OK
train_0569.png,OK
train_0570.png,OK
train_0571.png,OK
train_0572.png,OK
train_0573.png,OK
train_0574.png,OK
train_0575.png,OK
train_0576.png,OK
train_0577.png,OK
train_0578.png,OK
train_0579.png,OK
train_0580.png,OK
train_0581.png,OK
train_0582.png,OK
train_0583.png,OK
train_0584.png,OK
train_0585.png,OK
train_0586.png,OK
train_0587.png,OK
train_0588.png,OK
train_0589.png,OK
train_0590.png,OK
train_0591.png,OK
train_0592.png,OK
train_0593.png,OK
train_0594.png,OK
train_0595.png,OK
train_0596.png,OK
train_0597.png,OK
train_0598.png,OK
train_0599.png,OK
train_0600.png,OK
train_0601.png,OK
train_0602.png,OK
train_0603.png,OK
train_0604.png,OK
train_0605.png,OK
train_0606.png,OK
train_0607.png,OK
train_0608.png,OK
train_0609.png,OK
train_0610.png,OK
train_0611.png,OK
train_0612.png,OK
train_0613.png,OK
train_0614.png,OK
train_0615.png,OK
train_0616.png,OK
train_0617.png,OK
train_0618.png,OK
train_0619.png,OK
train_0620.png,OK
train_0621.png,OK
train_0622.png,OK
train_0623.png,OK
train_0624.png,OK
train_0625.png,OK
train_0626.png,OK
train_0627.png,OK
train_0628.png,OK
train_0629.png,OK
train_0630.png,OK
train_0631.png,OK
train_0632.png,OK
train_0633.png,OK
train_0634.png,OK
train_0635.png,OK
train_0636.png,OK
train_0637.png,OK
train_0638.png,OK
train_0639.png,OK
train_0640.png,OK
train_0641.png,OK
train_0642.png,OK
train_0643.png,OK
train_0644.png,OK
train_0645.png,OK
train_0646.png,OK
train_0647.png,OK
train_0648.png,OK
train_0649.png,OK
train_0650.png,OK
train_0651.png,OK
train_0652.png,OK
train_0653.png,OK
train_0654.png,OK
train_0655.png,OK
train_0656.png,OK
train_0657.png,OK
train_0658.png,OK
train_0659.png,OK
train_0660.png,OK
train_0661.png,OK
train_0662.png,OK
train_0663.png,OK
train_0664.png,OK
train_0665.png,OK
train_0666.png,OK
train_0667.png,OK
train_0668.png,OK
train_0669.png,OK
train_0670.png,OK
train_0671.png,OK
train_0672.png,OK
train_0673.png,OK
train_0674.png,OK
train_0675.png,OK
train_0676.png,OK
train_0677.png,OK
train_0678.png,OK
train_0679.png,OK
train_0680.png,OK
train_0681.png,OK
train_0682.png,OK
train_0683.png,OK
train_0684.png,OK
train_0685.png,OK
train_0686.png,OK
train_0687.png,OK
train_0688.png,OK
train_0689.png,OK
train_0690.png,OK
train_0691.png,OK
train_0692.png,OK
train_0693.png,OK
train_0694.png,OK
train_0695.png,OK
train_0696.png,OK
train_0697.png,OK
train_0698.png,OK
train_0699.png,OK
train_0700.png,OK
train_0701.png,OK
train_0702.png,OK
train_0703.png,OK
train_0704.png,OK
train_0705.png,OK
train_0706.png,OK
train_0707.png,OK
train_0708.png,OK
train_0709.png,OK
train_0710.png,OK
train_0711.png,OK
train_0712.png,OK
train_0713.png,OK
train_0714.png,OK
train_0715.png,OK
train_0716.png,OK
train_0717.png,OK
train_0718.png,OK
train_0719.png,OK
train_0720.png,OK
train_0721.png,OK
train_0722.png,OK
train_0723.png,OK
train_0724.png,OK
train_0725.png,OK
train_0726.png,OK
train_0727.png,OK
train_0728.png,OK
train_0729.png,OK
train_0730.png,OK
train_0731.png,OK
train_0732.png,OK
train_0733.png,OK
train_0734.png,OK
train_0735.png,OK
train_0736.png,OK
train_0737.png,OK
train_0738.png,OK
train_0739.png,OK
train_0740.png,OK
train_0741.png,OK
train_0742.png,OK
train_0743.png,OK
train_0744.png,OK
train_0745.png,OK
train_0746.png,OK
train_0747.png,OK
train_0748.png,OK
train_0749.png,OK
train_0750.png,OK
train_0751.png,OK
train_0752.png,OK
train_0753.png,OK
train_0754.png,OK
train_0755.png,OK
train_0756.png,OK
train_0757.png,OK
train_0758.png,OK
train_0759.png,OK
train_0760.png,OK
train_0761.png,OK
train_0762.png,OK
train_0763.png,OK
train_0764.png,OK
train_0765.png,OK
train_0766.png,OK
train_0767.png,OK
train_0768.png,OK
train_0769.png,OK
train_0770.png,OK
train_0771.png,OK
train_0772.png,OK
train_0773.png,OK
train_0774.png,OK
train_0775.png,OK
train_0776.png,OK
train_0777.png,OK
train_0778.png,OK
train_0779.png,OK
train_0780.png,OK
train_0781.png,OK
train_0782.png,OK
train_0783.png,OK
train_0784.png,OK
train_0785.png,OK
train_0786.png,OK
train_0787.png,OK
train_0788.png,OK
train_0789.png,OK
train_0790.png,OK
train_0791.png,OK
train_0792.png,OK
train_0793.png,OK
train_0794.png,OK
train_0795.png,OK
train_0796.png,OK
train_0797.png,OK
train_0798.png,OK
train_0799.png,OK
train_0800.png,OK
train_0801.png,OK
train_0802.png,OK
train_0803.png,OK
train_0804.png,OK
train_0805.png,OK
train_0806.png,OK
train_0807.png,OK
train_0808.png,OK
train_0809.png,OK
train_0810.png,OK
train_0811.png,OK
train_0812.png,OK
train_0813.png,OK
train_0814.png,OK
train_0815.png,OK
train_0816.png,OK
train_0817.png,OK
train_0818.png,OK
train_0819.png,OK
train_0820.png,OK
train_0821.png,OK
train_0822.png,OK
train_0823.png,OK
train_0824.png,OK
train_0825.png,OK
train_0826.png,OK
train_0827.png,OK
train_0828.png,OK
train_0829.png,OK
train_0830.png,OK
train_0831.png,OK
train_0832.png,OK
train_0833.png,OK
train_0834.png,OK
train_0835.png,OK
train_0836.png,OK
train_0837.png,OK
train_0838.png,OK
train_0839.png,OK
train_0840.png,OK
train_0841.png,OK
train_0842.png,OK
train_0843.png,OK
train_0844.png,OK
train_0845.png,OK
train_0846.png,OK
train_0847.png,OK
train_0848.png,OK
train_0849.png,OK
train_0850.png,OK
train_0851.png,OK
train_0852.png,OK
train_0853.png,OK
train_0854.png,OK
train_0855.png,OK
train_0856.png,OK
train_0857.png,OK
train_0858.png,OK
train_0859.png,OK
train_0860.png,OK
train_0861.png,OK
train_0862.png,OK
train_0863.png,OK
train_0864.png,OK
train_0865.png,OK
train_0866.png,OK
train_0867.png,OK
train_0868.png,OK
train_0869.png,OK
train_0870.png,OK
train_0871.png,OK
train_0872.png,OK
train_0873.png,OK
train_0874.png,OK
train_0875.png,OK
train_0876.png,OK
train_0877.png,OK
train_0878.png,OK
train_0879.png,OK
train_0880.png,OK
train_0881.png,OK
train_0882.png,OK
train_0883.png,OK
train_0884.png,OK
train_0885.png,OK
train_0886.png,OK
train_0887.png,OK
train_0888.png,OK
train_0889.png,OK
train_0890.png,OK
train_0891.png,OK
train_0892.png,OK
train_0893.png,OK
train_0894.png,OK
train_0895.png,OK
train_0896.png,OK
train_0897.png,OK
train_0898.png,OK
train_0899.png,OK
train_0900.png,OK
train_0901.png,OK
train_0902.png,OK
train_0903.png,OK
train_0904.png,OK
train_0905.png,OK
train_0906.png,OK
train_0907.png,OK
train_0908.png,OK
train_0909.png,OK
train_0910.png,OK
train_0911.png,OK
train_0912.png,OK
train_0913.png,OK
train_0914.png,OK
train_0915.png,OK
train_0916.png,OK
train_0917.png,OK
train_0918.png,OK
train_0919.png,OK
train_0920.png,OK
train_0921.png,OK
train_0922.png,OK
train_0923.png,OK
train_0924.png,OK
train_0925.png,OK
train_0926.png,OK
train_0927.png,OK
train_0928.png,OK
train_0929.png,OK
train_0930.png,OK
train_0931.png,OK
train_0932.png,OK
train_0933.png,OK
train_0934.png,OK
train_0935.png,OK
train_0936.png,OK
train_0937.png,OK
train_0938.png,OK
train_0939.png,OK
train_0940.png,OK
train_0941.png,OK
train_0942.png,OK
train_0943.png,OK
train_0944.png,OK
train_0945.png,OK
train_0946.png,OK
train_0947.png,OK
train_0948.png,OK
train_0949.png,OK
train_0950.png,OK
train_0951.png,OK
train_0952.png,OK
train_0953.png,OK
train_0954.png,OK
train_0955.png,OK
train_0956.png,OK
train_0957.png,OK
train_0958.png,OK
train_0959.png,OK
train_0960.png,OK
train_0961.png,OK
train_0962.png,OK
train_0963.png,OK
train_0964.png,OK
train_0965.png,OK
train_0966.png,OK
train_0967.png,OK
train_0968.png,OK
train_0969.png,OK
train_0970.png,OK
train_0971.png,OK
train_0972.png,OK
train_0973.png,OK
train_0974.png,OK
train_0975.png,OK
train_0976.png,OK
train_0977.png,OK
train_0978.png,OK
train_0979.png,OK
train_0980.png,OK
train_0981.png,OK
train_0982.png,OK
train_0983.png,OK
train_0984.png,OK
train_0985.png,OK
train_0986.png,OK
train_0987.png,OK
train_0988.png,OK
train_0989.png,OK
train_0990.png,OK
train_0991.png,OK
train_0992.png,OK
train_0993.png,OK
train_0994.png,OK
train_0995.png,OK
train_0996.png,OK
train_0997.png,OK
train_0998.png,OK
train_0999.png,OK
train_1000.png,OK
train_1001.png,OK
train_1002.png,OK
train_1003.png,OK
train_1004.png,OK
train_1005.png,OK
train_1006.png,OK
train_1007.png,OK
train_1008.png,OK
train_1009.png,OK
train_1010.png,OK
train_1011.png,OK
train_1012.png,OK
train_1013.png,OK
train_1014.png,OK
train_1015.png,OK
train_1016.png,OK
train_1017.png,OK
train_1018.png,OK
train_1019.png,OK
train_1020.png,OK
train_1021.png,OK
train_1022.png,OK
train_1023.png,OK
train_1024.png,OK
train_1025.png,OK
train_1026.png,OK
train_1027.png,OK
train_1028.png,OK
train_1029.png,OK
train_1030.png,OK
train_1031.png,OK
train_1032.png,OK
train_1033.png,OK
train_1034.png,OK
train_1035.png,OK
train_1036.png,OK
train_1037.png,OK
train_1038.png,OK
train_1039.png,OK
train_1040.png,OK
train_1041.png,OK
train_1042.png,OK
train_1043.png,OK
train_1044.png,OK
train_1045.png,OK
train_1046.png,OK
train_1047.png,OK
train_1048.png,OK
train_1049.png,OK
train_1050.png,OK
train_1051.png,OK
train_1052.png,OK
train_1053.png,OK
train_1054.png,OK
train_1055.png,OK
train_1056.png,OK
train_1057.png,OK
train_1058.png,OK
train_1059.png,OK
train_1060.png,OK
train_1061.png,OK
train_1062.png,OK
train_1063.png,OK
train_1064.png,OK
train_1065.png,OK
train_1066.png,OK
train_1067.png,OK
train_1068.png,OK
train_1069.png,OK
train_1070.png,OK
train_1071.png,OK
train_1072.png,OK
train_1073.png,OK
train_1074.png,OK
train_1075.png,OK
train_1076.png,OK
train_1077.png,OK
train_1078.png,OK
train_1079.png,OK
train_1080.png,OK
train_1081.png,OK
train_1082.png,OK
train_1083.png,OK
train_1084.png,OK
train_1085.png,OK
train_1086.png,OK
train_1087.png,OK
train_1088.png,OK
train_1089.png,OK
train_1090.png,OK
train_1091.png,OK
train_1092.png,OK
train_1093.png,OK
train_1094.png,OK
train_1095.png,OK
train_1096.png,OK
train_1097.png,OK
train_1098.png,OK
train_1099.png,OK
train_1100.png,OK
train_1101.png,OK
train_1102.png,OK
train_1103.png,OK
train_1104.png,OK
train_1105.png,OK
train_1106.png,OK
train_1107.png,OK
train_1108.png,OK
train_1109.png,OK
train_1110.png,OK
train_1111.png,OK
train_1112.png,OK
train_1113.png,OK
train_1114.png,OK
train_1115.png,OK
train_1116.png,OK
train_1117.png,OK
train_1118.png,OK
train_1119.png,OK
train_1120.png,OK
train_1121.png,OK
train_1122.png,OK
train_1123.png,OK
train_1124.png,OK
train_1125.png,OK
train_1126.png,OK
train_1127.png,OK
train_1128.png,OK
train_1129.png,OK
train_1130.png,OK
train_1131.png,OK
train_1132.png,OK
train_1133.png,OK
train_1134.png,OK
train_1135.png,OK
train_1136.png,OK
train_1137.png,OK
train_1138.png,OK
train_1139.png,OK
train_1140.png,OK
train_1141.png,OK
train_1142.png,OK
train_1143.png,OK
train_1144.png,OK
train_1145.png,OK
train_1146.png,OK
train_1147.png,OK
train_1148.png,OK
train_1149.png,OK
train_1150.png,OK
train_1151.png,OK
train_1152.png,OK
train_1153.png,OK
train_1154.png,OK
train_1155.png,OK
train_1156.png,OK
train_1157.png,OK
train_1158.png,OK
train_1159.png,OK
train_1160.png,OK
train_1161.png,OK
train_1162.png,OK
train_1163.png,OK
train_1164.png,OK
train_1165.png,OK
train_1166.png,OK
train_1167.png,OK
train_1168.png,OK
train_1169.png,OK
train_1170.png,OK
train_1171.png,OK
train_1172.png,OK
train_1173.png,OK
train_1174.png,OK
train_1175.png,OK
train_1176.png,OK
train_1177.png,OK
train_1178.png,OK
train_1179.png,OK
train_1180.png,OK
train_1181.png,OK
train_1182.png,OK
train_1183.png,OK
train_1184.png,OK
train_1185.png,OK
train_1186.png,OK
train_1187.png,OK
train_1188.png,OK
train_1189.png,OK
train_1190.png,OK
train_1191.png,OK
train_1192.png,OK
train_1193.png,OK
train_1194.png,OK
train_1195.png,OK
train_1196.png,OK
train_1197.png,OK
train_1198.png,OK
train_1199.png,OK
train_1200.png,OK
train_1201.png,OK
train_1202.png,OK
train_1203.png,OK
train_1204.png,OK
train_1205.png,OK
train_1206.png,OK
train_1207.png,OK
train_1208.png,OK
train_1209.png,OK
train_1210.png,OK
train_1211.png,OK
train_1212.png,OK
train_1213.png,OK
train_1214.png,OK
train_1215.png,OK
train_1216.png,OK
train_1217.png,OK
train_1218.png,OK
train_1219.png,OK
train_1220.png,OK
train_1221.png,OK
train_1222.png,OK
train_1223.png,OK
train_1224.png,OK
train_1225.png,OK
train_1226.png,OK
train_1227.png,OK
train_1228.png,OK
train_1229.png,OK
train_1230.png,OK
train_1231.png,OK
train_1232.png,OK
train_1233.png,OK
train_1234.png,OK
train_1235.png,OK
train_1236.png,OK
train_1237.png,OK
train_1238.png,OK
train_1239.png,OK
train_1240.png,OK
train_1241.png,OK
train_1242.png,OK
train_1243.png,OK
train_1244.png,OK
train_1245.png,OK
train_1246.png,OK
train_1247.png,OK
train_1248.png,OK
train_1249.png,OK
train_1250.png,OK
train_1251.png,OK
train_1252.png,OK
train_1253.png,OK
train_1254.png,OK
train_1255.png,OK
train_1256.png,OK
train_1257.png,OK
train_1258.png,OK
train_1259.png,OK
train_1260.png,OK
train_1261.png,OK
train_1262.png,OK
train_1263.png,OK
train_1264.png,OK
train_1265.png,OK
train_1266.png,OK
train_1267.png,OK
train_1268.png,OK
train_1269.png,OK
train_1270.png,OK
train_1271.png,OK
train_1272.png,OK
train_1273.png,OK
train_1274.png,OK
train_1275.png,OK
train_1276.png,OK
train_1277.png,OK
train_1278.png,OK
train_1279.png,OK
train_1280.png,OK
train_1281.png,OK
train_1282.png,OK
train_1283.png,OK
train_1284.png,OK
train_1285.png,OK
train_1286.png,OK
train_1287.png,OK
train_1288.png,OK
train_1289.png,OK
train_1290.png,OK
train_1291.png,OK
train_1292.png,OK
train_1293.png,OK
train_1294.png,OK
train_1295.png,OK
train_1296.png,OK
train_1297.png,OK
train_1298.png,OK
train_1299.png,OK
train_1300.png,OK
train_1301.png,OK
train_1302.png,OK
train_1303.png,OK
train_1304.png,OK
train_1305.png,OK
train_1306.png,OK
train_1307.png,OK
train_1308.png,OK
train_1309.png,OK
train_1310.png,OK
train_1311.png,OK
train_1312.png,OK
train_1313.png,OK
train_1314.png,OK
train_1315.png,OK
train_1316.png,OK
train_1317.png,OK
train_1318.png,OK
train_1319.png,OK
train_1320.png,OK
train_1321.png,OK
train_1322.png,OK
train_1323.png,OK
train_1324.png,OK
train_1325.png,OK
train_1326.png,OK
train_1327.png,OK
train_1328.png,OK
train_1329.png,OK
train_1330.png,OK
train_1331.png,OK
train_1332.png,OK
train_1333.png,OK
train_1334.png,OK
train_1335.png,OK
train_1336.png,OK
train_1337.png,OK
train_1338.png,OK
train_1339.png,OK
train_1340.png,OK
train_1341.png,OK
train_1342.png,OK
train_1343.png,OK
train_1344.png,OK
train_1345.png,OK
train_1346.png,OK
train_1347.png,OK
train_1348.png,OK
train_1349.png,OK
train_1350.png,OK
train_1351.png,OK
train_1352.png,OK
train_1353.png,OK
train_1354.png,OK
train_1355.png,OK
train_1356.png,OK
train_1357.png,OK
train_1358.png,OK
train_1359.png,OK
train_1360.png,OK
train_1361.png,OK
train_1362.png,OK
train_1363.png,OK
train_1364.png,OK
train_1365.png,OK
train_1366.png,OK
train_1367.png,OK
train_1368.png,OK
train_1369.png,OK
train_1370.png,OK
train_1371.png,OK
train_1372.png,OK
train_1373.png,OK
train_1374.png,OK
train_1375.png,OK
train_1376.png,OK
train_1377.png,OK
train_1378.png,OK
train_1379.png,OK
train_1380.png,OK
train_1381.png,OK
train_1382.png,OK
train_1383.png,OK
train_1384.png,OK
train_1385.png,OK
train_1386.png,OK
train_1387.png,OK
train_1388.png,OK
train_1389.png,OK
train_1390.png,OK
train_1391.png,OK
train_1392.png,OK
train_1393.png,OK
train_1394.png,OK
train_1395.png,OK
train_1396.png,OK
train_1397.png,OK
train_1398.png,OK
train_1399.png,OK
train_1400.png,OK
train_1401.png,OK
train_1402.png,OK
train_1403.png,OK
train_1404.png,OK
train_1405.png,OK
train_1406.png,OK
train_1407.png,OK
train_1408.png,OK
train_1409.png,OK
train_1410.png,OK
train_1411.png,OK
train_1412.png,OK
train_1413.png,OK
train_1414.png,OK
train_1415.png,OK
train_1416.png,OK
train_1417.png,OK
train_1418.png,OK
train_1419.png,OK
train_1420.png,OK
train_1421.png,OK
train_1422.png,OK
train_1423.png,OK
train_1424.png,OK
train_1425.png,OK
train_1426.png,OK
train_1427.png,OK
train_1428.png,OK
train_1429.png,OK
train_1430.png,OK
train_1431.png,OK
train_1432.png,OK
train_1433.png,OK
train_1434.png,OK
train_1435.png,OK
train_1436.png,OK
train_1437.png,OK
train_1438.png,OK
train_1439.png,OK
train_1440.png,OK
train_1441.png,OK
train_1442.png,OK
train_1443.png,OK
train_1444.png,OK
train_1445.png,OK
train_1446.png,OK
train_1447.png,OK
train_1448.png,OK
train_1449.png,OK
train_1450.png,OK
train_1451.png,OK
train_1452.png,OK
train_1453.png,OK
train_1454.png,OK
train_1455.png,OK
train_1456.png,OK
train_1457.png,OK
train_1458.png,OK
train_1459.png,OK
train_1460.png,OK
train_1461.png,OK
train_1462.png,OK
train_1463.png,OK
train_1464.png,OK
train_1465.png,OK
train_1466.png,OK
train_1467.png,OK
train_1468.png,OK
train_1469.png,OK
train_1470.png,OK
train_1471.png,OK
train_1472.png,OK
train_1473.png,OK
train_1474.png,OK
train_1475.png,OK
train_1476.png,OK
train_1477.png,OK
train_1478.png,OK
train_1479.png,OK
train_1480.png,OK
train_1481.png,OK
train_1482.png,OK
train_1483.png,OK
train_1484.png,OK
train_1485.png,OK
train_1486.png,OK
train_1487.png,OK
train_1488.png,OK
train_1489.png,OK
train_1490.png,OK
train_1491.png,OK
train_1492.png,OK
train_1493.png,OK
train_1494.png,OK
train_1495.png,OK
train_1496.png,OK
train_1497.png,OK
train_1498.png,OK
train_1499.png,OK
train_1500.png,OK
train_1501.png,OK
train_1502.png,OK
train_1503.png,OK
train_1504.png,OK
train_1505.png,OK
train_1506.png,OK
train_1507.png,OK
train_1508.png,OK
train_1509.png,OK
train_1510.png,OK
train_1511.png,OK
train_1512.png,OK
train_1513.png,OK
train_1514.png,OK
train_1515.png,OK
train_1516.png,OK
train_1517.png,OK
train_1518.png,OK
train_1519.png,OK
train_1520.png,OK
train_1521.png,OK
train_1522.png,OK
train_1523.png,OK
train_1524.png,OK
train_1525.png,OK
train_1526.png,OK
train_1527.png,OK
train_1528.png,OK
train_1529.png,OK
train_1530.png,OK
train_1531.png,OK
train_1532.png,OK
train_1533.png,OK
train_1534.png,OK
train_1535.png,OK
train_1536.png,OK
train_1537.png,OK
train_1538.png,OK
train_1539.png,OK
train_1540.png,OK
train_1541.png,OK
train_1542.png,OK
train_1543.png,OK
train_1544.png,OK
train_1545.png,OK
train_1546.png,OK
train_1547.png,OK
train_1548.png,OK
train_1549.png,OK
train_1550.png,OK
train_1551.png,OK
train_1552.png,OK
train_1553.png,OK
train_1554.png,OK
train_1555.png,OK
train_1556.png,OK
train_1557.png,OK
train_1558.png,OK
train_1559.png,OK
train_1560.png,OK
train_1561.png,OK
train_1562.png,OK
train_1563.png,OK
train_1564.png,OK
train_1565.png,OK
train_1566.png,OK
train_1567.png,OK
train_1568.png,OK
train_1569.png,OK
train_1570.png,OK
train_1571.png,OK
train_1572.png,OK
train_1573.png,OK
train_1574.png,OK
train_1575.png,OK
train_1576.png,OK
train_1577.png,OK
train_1578.png,OK
train_1579.png,OK
train_1580.png,OK
train_1581.png,OK
train_1582.png,OK
train_1583.png,OK
train_1584.png,OK
train_1585.png,OK
train_1586.png,OK
train_1587.png,OK
train_1588.png,OK
train_1589.png,OK
train_1590.png,OK
train_1591.png,OK
train_1592.png,OK
train_1593.png,OK
train_1594.png,OK
train_1595.png,OK
train_1596.png,OK
train_1597.png,OK
train_1598.png,OK
train_1599.png,OK
train_1600.png,OK
train_1601.png,OK
train_1602.png,OK
train_1603.png,OK
train_1604.png,OK
train_1605.png,OK
train_1606.png,OK
train_1607.png,OK
train_1608.png,OK
train_1609.png,OK
train_1610.png,OK
train_1611.png,OK
train_1612.png,OK
train_1613.png,OK
train_1614.png,OK
train_1615.png,OK
train_1616.png,OK
train_1617.png,Likely too dark
train_1618.png,Likely too dark
train_1619.png,Likely too dark
train_1620.png,Likely too dark
train_1621.png,Likely too dark
train_1622.png,Likely too dark
train_1623.png,Likely too dark
train_1624.png,Likely too dark
train_1625.png,Likely too dark
train_1626.png,Likely too dark
train_1627.png,Likely too dark
train_1628.png,Likely too dark
train_1629.png,Likely too dark
train_1630.png,Likely too dark
train_1631.png,OK
train_1632.png,OK
train_1633.png,OK
train_1634.png,OK
train_1635.png,OK
train_1636.png,OK
train_1637.png,OK
train_1638.png,OK
train_1639.png,OK
train_1640.png,OK
train_1641.png,OK
train_1642.png,OK
train_1643.png,OK
train_1644.png,OK
train_1645.png,OK
train_1646.png,OK
train_1647.png,OK
train_1648.png,OK
train_1649.png,OK
train_1650.png,OK
train_1651.png,OK
train_1652.png,OK
train_1653.png,OK
train_1654.png,OK
train_1655.png,OK
train_1656.png,OK
train_1657.png,OK
train_1658.png,OK
train_1659.png,OK
train_1660.png,OK
train_1661.png,OK
train_1662.png,OK
train_1663.png,OK
train_1664.png,OK
train_1665.png,OK
train_1666.png,OK
train_1667.png,OK
train_1668.png,OK
train_1669.png,OK
train_1670.png,OK
train_1671.png,OK
train_1672.png,OK
train_1673.png,OK
train_1674.png,OK
train_1675.png,OK
train_1676.png,OK
train_1677.png,OK
train_1678.png,OK
train_1679.png,OK
train_1680.png,OK
train_1681.png,OK
train_1682.png,OK
train_1683.png,OK
train_1684.png,OK
train_1685.png,OK
train_1686.png,OK
train_1687.png,OK
train_1688.png,OK
train_1689.png,OK
train_1690.png,OK
train_1691.png,OK
train_1692.png,OK
train_1693.png,OK
train_1694.png,OK
train_1695.png,OK
train_1696.png,OK
train_1697.png,OK
train_1698.png,OK
train_1699.png,OK
train_1700.png,OK
train_1701.png,OK
train_1702.png,OK
train_1703.png,OK
train_1704.png,OK
train_1705.png,OK
train_1706.png,OK
train_1707.png,OK
train_1708.png,OK
train_1709.png,OK
train_1710.png,OK
train_1711.png,OK
train_1712.png,OK
train_1713.png,OK
train_1714.png,OK
train_1715.png,OK
train_1716.png,OK
train_1717.png,OK
train_1718.png,OK
train_1719.png,OK
train_1720.png,OK
train_1721.png,OK
train_1722.png,OK
train_1723.png,OK
train_1724.png,OK
train_1725.png,OK
train_1726.png,OK
train_1727.png,OK
train_1728.png,OK
train_1729.png,OK
train_1730.png,OK
train_1731.png,OK
train_1732.png,OK
train_1733.png,OK
train_1734.png,OK
train_1735.png,OK
train_1736.png,OK
train_1737.png,OK
train_1738.png,OK
train_1739.png,OK
train_1740.png,OK
train_1741.png,OK
train_1742.png,OK
train_1743.png,OK
train_1744.png,OK
train_1745.png,OK
train_1746.png,OK
train_1747.png,OK
train_1748.png,OK
train_1749.png,OK
train_1750.png,OK
train_1751.png,OK
train_1752.png,OK
train_1753.png,OK
train_1754.png,OK
train_1755.png,OK
train_1756.png,OK
train_1757.png,OK
train_1758.png,OK
train_1759.png,OK
train_1760.png,OK
train_1761.png,OK
train_1762.png,OK
train_1763.png,OK
train_1764.png,OK
train_1765.png,OK
train_1766.png,OK
train_1767.png,OK
train_1768.png,OK
train_1769.png,OK
train_1770.png,OK
train_1771.png,OK
train_1772.png,OK
train_1773.png,OK
train_1774.png,OK
train_1775.png,OK
train_1776.png,OK
train_1777.png,OK
train_1778.png,OK
train_1779.png,OK
train_1780.png,OK
train_1781.png,OK
train_1782.png,OK
train_1783.png,OK
train_1784.png,OK
train_1785.png,OK
train_1786.png,OK
train_1787.png,OK
train_1788.png,OK
train_1789.png,OK
train_1790.png,OK
train_1791.png,OK
train_1792.png,OK
train_1793.png,OK
train_1794.png,OK
train_1795.png,OK
train_1796.png,OK
train_1797.png,OK
train_1798.png,OK
train_1799.png,OK
train_1800.png,OK
train_1801.png,OK
train_1802.png,OK
train_1803.png,OK
train_1804.png,OK
train_1805.png,OK
train_1806.png,OK
train_1807.png,OK
train_1808.png,OK
train_1809.png,OK
train_1810.png,OK
train_1811.png,OK
train_1812.png,OK
train_1813.png,OK
train_1814.png,OK
train_1815.png,OK
train_1816.png,OK
train_1817.png,OK
train_1818.png,OK
train_1819.png,OK
train_1820.png,OK
train_1821.png,OK
train_1822.png,OK
train_1823.png,OK
train_1824.png,OK
train_1825.png,OK
train_1826.png,OK
train_1827.png,OK
train_1828.png,OK
train_1829.png,OK
train_1830.png,OK
train_1831.png,OK
train_1832.png,OK
train_1833.png,OK
train_1834.png,OK
train_1835.png,OK
train_1836.png,OK
train_1837.png,OK
train_1838.png,OK
train_1839.png,OK
train_1840.png,OK
train_1841.png,OK
train_1842.png,OK
train_1843.png,OK
train_1844.png,OK
train_1845.png,OK
train_1846.png,OK
train_1847.png,OK
train_1848.png,OK
train_1849.png,OK
train_1850.png,OK
train_1851.png,OK
train_1852.png,OK
train_1853.png,OK
train_1854.png,OK
train_1855.png,OK
train_1856.png,OK
train_1857.png,OK
train_1858.png,OK
train_1859.png,OK
train_1860.png,OK
train_1861.png,OK
train_1862.png,OK
train_1863.png,OK
train_1864.png,OK
train_1865.png,OK
train_1866.png,OK
train_1867.png,OK
train_1868.png,OK
train_1869.png,OK
train_1870.png,OK
train_1871.png,OK
train_1872.png,OK
train_1873.png,OK
train_1874.png,OK
train_1875.png,OK
train_1876.png,OK
train_1877.png,OK
train_1878.png,OK
train_1879.png,OK
train_1880.png,OK
train_1881.png,OK
train_1882.png,OK
train_1883.png,OK
train_1884.png,OK
train_1885.png,OK
train_1886.png,OK
train_1887.png,OK
train_1888.png,OK
train_1889.png,OK
train_1890.png,OK
train_1891.png,OK
train_1892.png,OK
train_1893.png,OK
train_1894.png,OK
train_1895.png,OK
